{"6_213_46.tr": {"average_bandwidth": "213", "avgbr": 257.1429, "std_bandwidth": "46", "ABR": "HYB", "rebuf": 0.0061, "QoE": 0.2309, "buftime": 72.16500000000185, "playtime": 168.0, "change": 0.0}, "24_483_479.tr": {"average_bandwidth": "483", "avgbr": 300.0, "std_bandwidth": "479", "ABR": "HYB", "rebuf": 0.0, "QoE": 0.3, "buftime": 0.0, "playtime": 196.0, "change": 0.0}, "55_365_1012.tr": {"average_bandwidth": "365", "avgbr": 306.1224, "std_bandwidth": "1012", "ABR": "HYB", "rebuf": 0.0, "QoE": 0.3061, "buftime": 0.0, "playtime": 196.0, "change": 0.0}, "1_278_276.tr": {"average_bandwidth": "278", "avgbr": 300.0, "std_bandwidth": "276", "ABR": "HYB", "rebuf": 0.0003, "QoE": 0.2987, "buftime": 3.2499999999999782, "playtime": 196.0, "change": 0.0}, "4_312_336.tr": {"average_bandwidth": "312", "avgbr": 300.0, "std_bandwidth": "336", "ABR": "HYB", "rebuf": 0.0001, "QoE": 0.2996, "buftime": 0.8499999999999956, "playtime": 196.0, "change": 0.0}, "28_419_569.tr": {"average_bandwidth": "419", "avgbr": 300.0, "std_bandwidth": "569", "ABR": "HYB", "rebuf": 0.0001, "QoE": 0.2996, "buftime": 0.7499999999999956, "playtime": 196.0, "change": 0.0}, "35_107_960.tr": {"average_bandwidth": "107", "avgbr": 324.4898, "std_bandwidth": "960", "ABR": "HYB", "rebuf": 0.0001, "QoE": 0.3241, "buftime": 1.3499999999999817, "playtime": 196.0, "change": 0.0}, "30_0_978.tr": {"average_bandwidth": "0", "avgbr": 312.2449, "std_bandwidth": "978", "ABR": "HYB", "rebuf": 0.0, "QoE": 0.3122, "buftime": 0.0, "playtime": 196.0, "change": 0.0}, "2_237_385.tr": {"average_bandwidth": "237", "avgbr": 306.1224, "std_bandwidth": "385", "ABR": "HYB", "rebuf": 0.0, "QoE": 0.3061, "buftime": 0.0, "playtime": 196.0, "change": 0.0}, "16_10_303.tr": {"average_bandwidth": "10", "avgbr": 300.0, "std_bandwidth": "303", "ABR": "HYB", "rebuf": 0.0038, "QoE": 0.2837, "buftime": 44.30000000000435, "playtime": 196.0, "change": 0.0}, "376_534_366.tr": {"average_bandwidth": "534", "avgbr": 300.0, "std_bandwidth": "366", "ABR": "HYB", "rebuf": 0.0, "QoE": 0.3, "buftime": 0.1999999999999954, "playtime": 196.0, "change": 0.0}, "87_17_1508.tr": {"average_bandwidth": "17", "avgbr": 324.4898, "std_bandwidth": "1508", "ABR": "HYB", "rebuf": 0.0, "QoE": 0.3245, "buftime": 0.39999999999999536, "playtime": 196.0, "change": 0.0}, "66_140_1364.tr": {"average_bandwidth": "140", "avgbr": 324.4898, "std_bandwidth": "1364", "ABR": "HYB", "rebuf": 0.0001, "QoE": 0.3241, "buftime": 0.9499999999999957, "playtime": 196.0, "change": 0.0}, "18_303_25.tr": {"average_bandwidth": "303", "avgbr": 300.0, "std_bandwidth": "25", "ABR": "HYB", "rebuf": 0.0003, "QoE": 0.2987, "buftime": 3.099999999996241, "playtime": 196.0, "change": 0.0}, "368_549_374.tr": {"average_bandwidth": "549", "avgbr": 300.0, "std_bandwidth": "374", "ABR": "HYB", "rebuf": 0.0001, "QoE": 0.2996, "buftime": 0.9499999999999957, "playtime": 196.0, "change": 0.0}, "46_467_605.tr": {"average_bandwidth": "467", "avgbr": 300.0, "std_bandwidth": "605", "ABR": "HYB", "rebuf": 0.0001, "QoE": 0.2996, "buftime": 0.49999999999999534, "playtime": 196.0, "change": 0.0}, "5_58_399.tr": {"average_bandwidth": "58", "avgbr": 300.0, "std_bandwidth": "399", "ABR": "HYB", "rebuf": 0.0, "QoE": 0.3, "buftime": 0.0, "playtime": 196.0, "change": 0.0}, "14_151_285.tr": {"average_bandwidth": "151", "avgbr": 300.0, "std_bandwidth": "285", "ABR": "HYB", "rebuf": 0.0012, "QoE": 0.2948, "buftime": 11.849999999999321, "playtime": 196.0, "change": 0.0}, "20_97_32.tr": {"average_bandwidth": "97", "avgbr": 97.9592, "std_bandwidth": "32", "ABR": "HYB", "rebuf": 0.0137, "QoE": 0.039, "buftime": 130.29999999999416, "playtime": 64.0, "change": 0.0}, "47_391_876.tr": {"average_bandwidth": "391", "avgbr": 300.0, "std_bandwidth": "876", "ABR": "HYB", "rebuf": 0.0, "QoE": 0.3, "buftime": 0.0, "playtime": 196.0, "change": 0.0}}